# DEPARTAMENTO,CABECERA,PROVINCIA,TOTAL_MUJERES,TOTAL_VARONES,TOTAL_VIVIENDAS,SUP__HAS_,PERIMETRO
SAN NICOLAS,SAN NICOLAS DE LOS ARROYOS,BUENOS AIRES,74395,71426,49785,666197340.76,120819.62
RAMALLO,RAMALLO,BUENOS AIRES,16627,16329,12122,1086482251.19,172090.96
PERGAMINO,PERGAMINO,BUENOS AIRES,54407,50515,41125,3046808952.09,262993.17
SAN PEDRO,SAN PEDRO,BUENOS AIRES,29879,29368,21564,1367221534.47,174180.19
COLON,COLON,BUENOS AIRES,12742,12133,9403,1012549579.59,167136.92
BARADERO,BARADERO,BUENOS AIRES,16624,16297,12480,1533608755.35,219580.04
ARRECIFES,ARRECIFES,BUENOS AIRES,15005,14022,10713,1232504679.73,167674.02
ROJAS,ROJAS,BUENOS AIRES,12023,11429,10491,2023404490.47,223270.44
CAPITAN SARMIENTO,CAPITAN SARMIENTO,BUENOS AIRES,7851,7471,5663,553816827.43,110794.03
SALTO,SALTO,BUENOS AIRES,16604,16024,12587,1614313150.81,193588.1
SAN ANTONIO DE ARECO,SAN ANTONIO DE ARECO,BUENOS AIRES,11745,11351,8512,869736982.76,160974.16
GENERAL ARENALES,GENERAL ARENALES,BUENOS AIRES,7571,7284,6911,1491375027.38,210223.63
CARMEN DE ARECO,CARMEN DE ARECO,BUENOS AIRES,7386,7360,5676,1052541222.71,153026.34
SAN ANDRES DE GILES,SAN ANDRES DE GILES,BUENOS AIRES,11079,11178,8670,1124040307.56,165152.8
JUNIN,JUNIN,BUENOS AIRES,48904,46022,38782,2265869282.49,233437.48
LEANDRO N. ALEM,VEDIA,BUENOS AIRES,8532,8242,7006,1606499981.79,192280.32
GENERAL PINTO,GENERAL PINTO,BUENOS AIRES,5646,5710,5153,2551795195.81,272750.25
GENERAL VILLEGAS,GENERAL VILLEGAS,BUENOS AIRES,15347,15569,12537,7380298964.93,451694.81
CHACABUCO,CHACABUCO,BUENOS AIRES,24515,23287,19357,2280728079.51,261203.72
SAN FERNANDO,SAN FERNANDO,BUENOS AIRES,84404,79058,55061,23734123.74,23664.91
SAN ISIDRO,SAN ISIDRO,BUENOS AIRES,152928,138680,115437,52036363.77,31732.38
GENERAL SAN MARTIN,GENERAL SAN MARTIN,BUENOS AIRES,219002,203828,146796,56601336.37,34774.53
VICENTE LOPEZ,VICENTE LOPEZ,BUENOS AIRES,143707,127222,117212,34269467.69,29663.83
MERCEDES,MERCEDES,BUENOS AIRES,31927,30880,24153,1051113353.9,164263.74
SUIPACHA,SUIPACHA,BUENOS AIRES,5035,4962,3942,937052030.54,150273.15
TRES DE FEBRERO,CASEROS,BUENOS AIRES,179437,164337,127717,45733508.42,36893.14
HURLINGHAM,HURLINGHAM,BUENOS AIRES,91180,85325,57452,35487100.74,24799.21
MORON,MORON,BUENOS AIRES,167152,152782,122340,55407625.29,38159.56
LINCOLN,LINCOLN,BUENOS AIRES,21572,20933,18151,5761614616.99,374671.6
ITUZAINGO,ITUZAINGO,BUENOS AIRES,86748,81671,56303,38415073.28,26454.83
FLORENTINO AMEGHINO,FLORENTINO AMEGHINO,BUENOS AIRES,4448,4432,3953,1841326780.86,212222.93
MERLO,MERLO,BUENOS AIRES,265606,258601,152205,173137667.53,61463.92
AVELLANEDA,AVELLANEDA,BUENOS AIRES,178871,162114,128224,55743667.7,36102.18
LA MATANZA,LA MATANZA,BUENOS AIRES,912436,859694,483397,326514376.36,113748.77
CHIVILCOY,CHIVILCOY,BUENOS AIRES,33369,30779,27584,2078241508.74,204691.62
BRAGADO,BRAGADO,BUENOS AIRES,20751,19569,16649,2195029434.87,241692.77
LANUS,LANUS,BUENOS AIRES,236463,217037,163135,50200586.19,30885.55
QUILMES,QUILMES,BUENOS AIRES,298732,282097,187387,91757420.17,41450.41
MARCOS PAZ,MARCOS PAZ,BUENOS AIRES,25875,27587,16715,438166480.47,109932.34
GENERAL VIAMONTE,LOS TOLDOS,BUENOS AIRES,9175,8899,7810,2157915309.56,218710.45
LOMAS DE ZAMORA,LOMAS DE ZAMORA,BUENOS AIRES,315490,297702,200962,88606844.25,47519.86
GENERAL LAS HERAS,GENERAL LAS HERAS,BUENOS AIRES,7564,7325,5568,752675229.94,125244.46
ESTEBAN ECHEVERRIA,ESTEBAN ECHEVERRIA,BUENOS AIRES,151320,147494,91748,122528747.08,55996.37
BERAZATEGUI,BERAZATEGUI,BUENOS AIRES,162842,157382,98319,220169594.59,79529.38
EZEIZA,EZEIZA,BUENOS AIRES,80569,79650,51561,246881068.2,84322.32
ALBERTI,ALBERTI,BUENOS AIRES,5416,5167,5053,1110436946.53,172587.03
ALMIRANTE BROWN,ALMIRANTE BROWN,BUENOS AIRES,283320,272411,163993,129114530.81,53153.64
FLORENCIO VARELA,FLORENCIO VARELA,BUENOS AIRES,210243,213749,117402,190415581.64,77767.41
ENSENADA,ENSENADA,BUENOS AIRES,28340,27289,19975,108247521.38,49419.37
NAVARRO,NAVARRO,BUENOS AIRES,8566,8476,6720,1608844662.58,213099.4
LA PLATA,LA PLATA,BUENOS AIRES,332390,317223,265677,883468156.2,183388.02
BERISSO,BERISSO,BUENOS AIRES,45113,43010,30688,142246526.45,51808
PRESIDENTE PERON,GUERNICA,BUENOS AIRES,40716,40431,23194,121578309.62,60459.72
CANUELAS,CANUELAS,BUENOS AIRES,25704,24822,18415,1197482544.26,175952.73
SAN VICENTE,SAN VICENTE,BUENOS AIRES,30177,29531,20038,664569343.59,128726.24
MAGDALENA,MAGDALENA,BUENOS AIRES,8560,10611,6893,1984367334.52,252063.01
LOBOS,LOBOS,BUENOS AIRES,18765,17651,14216,1744164762.88,200396.35
BRANDSEN,CORONEL BRANDSEN,BUENOS AIRES,13288,13064,10790,1139743626.9,177455.45
CARLOS TEJEDOR,CARLOS TEJEDOR,BUENOS AIRES,5704,5786,5099,3907654151.92,292207.09
25 DE MAYO,25 DE MAYO,BUENOS AIRES,18482,17608,16991,4749230448.39,412923.39
9 DE JULIO,9 DE JULIO,BUENOS AIRES,24514,23219,20584,4285760880.78,299619.88
RIVADAVIA,AMERICA,BUENOS AIRES,8525,8644,6880,3992748192.32,288857.61
GENERAL PAZ,RANCHOS,BUENOS AIRES,5611,5549,5379,1190177137.29,172370.01
MONTE,SAN MIGUEL DEL MONTE,BUENOS AIRES,10673,10352,8657,1881537748.02,231814.5
PUNTA INDIO,VERONICA,BUENOS AIRES,4866,4771,5168,1540866250.39,240928.18
ROQUE PEREZ,ROQUE PEREZ,BUENOS AIRES,6290,6267,5318,1560211502.28,250000.7
CHASCOMUS,CHASCOMUS,BUENOS AIRES,21696,20862,18277,4207957318.81,349038.15
CARLOS CASARES,CARLOS CASARES,BUENOS AIRES,11278,10798,10047,2518749102.4,239895.96
SALADILLO,SALADILLO,BUENOS AIRES,16372,15693,13505,2698751389.75,278586.53
PEHUAJO,PEHUAJO,BUENOS AIRES,20373,19286,17393,4520182588.73,344331.59
TRENQUE LAUQUEN,TRENQUE LAUQUEN,BUENOS AIRES,21860,20946,17969,5467790162.24,319367.47
GENERAL BELGRANO,GENERAL BELGRANO,BUENOS AIRES,8882,8470,8110,1833346204.43,255182.12
LAS FLORES,LAS FLORES,BUENOS AIRES,12314,11561,10295,3367840985.25,291624.5
GENERAL ALVEAR,GENERAL ALVEAR,BUENOS AIRES,4767,6246,4177,3365529015.22,307669.52
CASTELLI,CASTELLI,BUENOS AIRES,4203,4003,3448,2136897341.49,284786.08
PILA,PILA,BUENOS AIRES,1790,1823,1711,3453838289.38,303980.33
BOLIVAR,SAN CARLOS DE BOLIVAR,BUENOS AIRES,17247,16811,15481,4915298800.9,352029.16
PELLEGRINI,PELLEGRINI,BUENOS AIRES,2951,2916,2606,1859652242.57,201026.39
TAPALQUE,TAPALQUE,BUENOS AIRES,4621,4545,4323,4106907464.7,454249.51
HIPOLITO YRIGOYEN,HENDERSON,BUENOS AIRES,4766,4719,4023,1624776152.86,217993.66
DOLORES,DOLORES,BUENOS AIRES,13668,12933,10687,1973697408.83,233353.92
RAUCH,RAUCH,BUENOS AIRES,7639,7422,6685,4271333981.49,315593.99
TORDILLO,GENERAL CONESA,BUENOS AIRES,849,970,840,1329933794.13,175333.16
AZUL,AZUL,BUENOS AIRES,33434,31740,26428,6563637809.26,424882.03
DAIREAUX,DAIREAUX,BUENOS AIRES,8422,8382,6673,3852625964.6,347177.81
TRES LOMAS,TRES LOMAS,BUENOS AIRES,4410,4302,3458,1242169977.91,150631.28
GENERAL GUIDO,GENERAL GUIDO,BUENOS AIRES,1362,1452,1508,2345598998.68,266184.79
LA COSTA,SANTA TERESITA - MAR DEL TUYU,BUENOS AIRES,35533,34681,99116,291925040.13,184536.93
OLAVARRIA,OLAVARRIA,BUENOS AIRES,55953,55367,44411,7756345522.02,401724.2
GENERAL LAVALLE,GENERAL LAVALLE,BUENOS AIRES,1790,1855,1682,2725216240.21,255383.16
AYACUCHO,AYACUCHO,BUENOS AIRES,10137,9846,8290,6755289785.95,398674.5
GUAMINI,GUAMINI,BUENOS AIRES,5667,5643,5179,4828094111.54,316805.57
SALLIQUELO,SALLIQUELO,BUENOS AIRES,4381,4192,3899,807575042.83,120773.32
ADOLFO ALSINA,CARHUE,BUENOS AIRES,8514,8332,8102,5971028960.2,400246.11
MAIPU,MAIPU,BUENOS AIRES,5328,4844,4375,2597691592.33,239096.81
GENERAL JUAN MADARIAGA,GENERAL JUAN MADARIAGA,BUENOS AIRES,10157,9569,7779,3007329747.62,269675.91
TANDIL,TANDIL,BUENOS AIRES,63428,59915,51362,4852058982.54,319919.51
GENERAL LA MADRID,GENERAL LA MADRID,BUENOS AIRES,5425,5322,5022,4768058197.52,330347.67
CORONEL SUAREZ,CORONEL SUAREZ,BUENOS AIRES,19267,18499,17080,5975953375.9,402594.7
LAPRIDA,LAPRIDA,BUENOS AIRES,5231,4957,4410,3417451138.53,283912.7
PINAMAR,PINAMAR,BUENOS AIRES,12670,12745,24774,60766322.25,48782.93
MAR CHIQUITA,CORONEL VIDAL,BUENOS AIRES,10676,10672,14451,3090903503.92,237972.78
BENITO JUAREZ,BENITO JUAREZ,BUENOS AIRES,10031,10371,8723,5307763896.13,379111.27
VILLA GESELL,VILLA GESELL,BUENOS AIRES,15603,15750,31251,142751158.62,107771.27
SAAVEDRA,SAAVEDRA,BUENOS AIRES,10234,10539,9243,3493157492.8,254934.49
BALCARCE,BALCARCE,BUENOS AIRES,22352,21712,18020,4102073436.63,287946.86
PUAN,PUAN,BUENOS AIRES,7936,7667,8498,6430864467.41,422649.46
LOBERIA,LOBERIA,BUENOS AIRES,8599,8698,7110,4717095480.95,312172.2
ADOLFO GONZALES CHAVES,ADOLFO GONZALES CHAVES,BUENOS AIRES,6121,5908,5280,3802189085.42,344146.39
NECOCHEA,NECOCHEA - QUEQUEN,BUENOS AIRES,47723,44113,43366,4497283700.15,396297.63
CORONEL PRINGLES,CORONEL PRINGLES,BUENOS AIRES,11775,11123,10248,5242000580.82,358195.84
GENERAL PUEYRREDON,MAR DEL PLATA,BUENOS AIRES,320903,293447,308570,1455480525.3,174815.39
TORNQUIST,TORNQUIST,BUENOS AIRES,6336,6340,7721,4208621479.83,402765.89
GENERAL ALVARADO,MIRAMAR,BUENOS AIRES,18018,17379,24806,1611260057.86,181689.66
TRES ARROYOS,TRES ARROYOS,BUENOS AIRES,29674,28505,29569,5917845233.24,408007.93
SAN CAYETANO,SAN CAYETANO,BUENOS AIRES,4212,4168,3878,2979151491.64,299353.17
CORONEL DORREGO,CORONEL DORREGO,BUENOS AIRES,8115,7711,7821,5814446683.25,330923.4
BAHIA BLANCA,BAHIA BLANCA,BUENOS AIRES,156283,145248,126639,2282793930.09,244439.95
VILLARINO,MEDANOS,BUENOS AIRES,15187,15558,12553,10152394081.5,646239.07
CORONEL DE MARINA L. ROSALES,PUNTA ALTA,BUENOS AIRES,31370,30281,23790,1309238333.94,195582
MONTE HERMOSO,MONTE HERMOSO,BUENOS AIRES,3160,3334,10127,198452655.19,79840.8
PATAGONES,CARMEN DE PATAGONES,BUENOS AIRES,15543,15263,13916,13643523211.2,595907.53
ZARATE,ZARATE,BUENOS AIRES,55695,55902,36528,1225992652.46,174210.08
CAMPANA,CAMPANA,BUENOS AIRES,46827,47506,33057,992110195.77,192217.33
SAN FERNANDO,SAN FERNANDO,BUENOS AIRES,84404,79058,55061,915961389.53,136039.15
EXALTACION DE LA CRUZ,CAPILLA DEL SENOR,BUENOS AIRES,14772,14957,12821,639581404.5,138780.97
ESCOBAR,ESCOBAR,BUENOS AIRES,105242,104842,67192,298220336.15,99663.26
TIGRE,TIGRE,BUENOS AIRES,193056,187653,122062,372059473.94,96393.13
PILAR,PILAR,BUENOS AIRES,149239,148952,97152,399702671.77,125936.28
LUJAN,LUJAN,BUENOS AIRES,54097,52802,38649,771688882.12,145853.26
MALVINAS ARGENTINAS,MALVINAS ARGENTINAS,BUENOS AIRES,162054,159779,89899,62841783.01,35012.31
JOSE C. PAZ,JOSE C. PAZ,BUENOS AIRES,132632,130462,73913,50549954.51,33234.93
SAN MIGUEL,SAN MIGUEL,BUENOS AIRES,142644,138476,87744,83264087.71,44538.1
MORENO,MORENO,BUENOS AIRES,232452,229790,137369,187213470.03,59789.28
GENERAL RODRIGUEZ,GENERAL RODRIGUEZ,BUENOS AIRES,43817,43674,31222,372531121.55,88607.82
CAPITAL FEDERAL,CAPITAL FEDERAL,CAPITAL FEDERAL,1555919,1335163,1479015,205169098.24,77349.64
ANTOFAGASTA DE LA SIERRA,ANTOFAGASTA DE LA SIERRA,CATAMARCA,614,816,756,29161537846.2,752211.54
BELEN,BELEN,CATAMARCA,13558,14271,8607,13140305769.5,637241.62
SANTA MARIA,SANTA MARIA,CATAMARCA,11143,10762,7692,5816304293.42,384447.63
TINOGASTA,TINOGASTA,CATAMARCA,11073,11205,8238,22877672599.6,862543.68
ANDALGALA,ANDALGALA,CATAMARCA,8999,9148,6373,4727173303.34,301775.3
AMBATO,LA PUERTA,CATAMARCA,2125,2343,3154,1765134182.43,228232.47
POMAN,SAUJIL,CATAMARCA,5178,5566,3474,5258989519.26,370800.35
PACLIN,LA MERCED,CATAMARCA,1941,2237,2027,928420963.2,177368.26
SANTA ROSA,BANADO DE OVANTA,CATAMARCA,5694,6393,3786,1479177353.64,156682.34
EL ALTO,EL ALTO,CATAMARCA,1640,1901,1704,2094517602.41,193347.37
FRAY MAMERTO ESQUIU,SAN JOSE,CATAMARCA,5893,5858,3455,239306940.32,71929.92
CAPITAL,SAN FERNANDO DEL VALLE DE CATAMARCA,CATAMARCA,82804,77254,46326,443301454.56,98403.66
CAPAYAN,HUILLAPIMA,CATAMARCA,7633,8446,5170,4599858621.36,508584.23
VALLE VIEJO,SAN ISIDRO,CATAMARCA,14408,13883,8206,617196655.73,117322.33
LA PAZ,SAN ANTONIO,CATAMARCA,10816,11312,7596,7940121104.24,422369.16
ANCASTI,ANCASTI,CATAMARCA,1339,1567,1099,2095757856.88,269547.23
GENERAL GUEMES,JUAN JOSE CASTELLI,CHACO,33166,34435,20128,26466266360.4,967924.08
ALMIRANTE BROWN,PAMPA DEL INFIERNO,CHACO,16501,17355,11701,16820856764,874473.82
LIBERTADOR GENERAL SAN MARTIN,GENERAL JOSE DE SAN MARTIN,CHACO,29441,29977,17941,7389221066.29,539243.77
MAIPU,TRES ISLETAS,CHACO,12387,12875,7224,2814026103.81,229984.72
25 DE MAYO,MACHAGAI,CHACO,14522,14793,8361,2229134253.45,290907.6
QUITILIPI,QUITILIPI,CHACO,17024,17093,9729,1550843003.94,225936.56
INDEPENDENCIA,CAMPO LARGO,CHACO,11217,11262,6389,1874736222.2,215425.59
SARGENTO CABRAL,COLONIA ELISA,CHACO,7672,8055,5432,1596657575.37,243027.65
COMANDANTE FERNANDEZ,PRESIDENCIA ROQUE SAENZ PENA,CHACO,49947,47364,31479,1474905134.89,158641.67
BERMEJO,LA LEONESA,CHACO,12087,12242,7868,2606059967.37,287689.41
9 DE JULIO,LAS BRENAS,CHACO,15195,14958,9295,2308388793.32,286780.55
GENERAL BELGRANO,CORZUELA,CHACO,6000,6090,3655,1285293348.69,189293.1
PRESIDENCIA DE LA PLAZA,PRESIDENCIA DE LA PLAZA,CHACO,6239,6180,3773,2337819696.68,213183.45
CHACABUCO,CHARATA,CHACO,15544,15020,9333,1360705577.4,234630.56
1 DE MAYO,MARGARITA BELEN,CHACO,5156,5219,3611,1397811147.99,214526.2
GENERAL DONOVAN,MAKALLE,CHACO,6726,6939,4208,1627836087.21,193643.47
12 DE OCTUBRE,GENERAL PINEDO,CHACO,10963,11262,7028,2686851332.82,273778.54
O'HIGGINS,SAN BERNARDO,CHACO,10066,10012,6206,1576014344.18,190048.42
SAN LORENZO,VILLA BERTHET,CHACO,7297,7425,4643,2162468383.59,221565.17
LIBERTAD,PUERTO TIROL,CHACO,5965,5982,3610,993270450.65,180094.8
TAPENAGA,CHARADAI,CHACO,1977,2125,1542,6023461861.04,318887.13
SAN FERNANDO,RESISTENCIA,CHACO,199687,186704,123534,3559207624.01,248015.38
MAYOR LUIS J. FONTANA,VILLA ANGELA,CHACO,28635,27431,17815,3782139002.26,303729.14
2 DE ABRIL,HERMOSO CAMPO,CHACO,3708,3747,2600,1414898465.89,167541.94
FRAY JUSTO SANTA MARIA DE ORO,SANTA SYLVINA,CHACO,5701,6098,3656,2483983253.16,255301.65
BIEDMA,PUERTO MADRYN,CHUBUT,40660,40365,28480,12929473924.4,838501.24
TELSEN,TELSEN,CHUBUT,758,947,928,19578272301,594913.1
GASTRE,GASTRE,CHUBUT,714,979,898,16157910122,580395.75
CUSHAMEN,LELEQUE,CHUBUT,10123,10443,8756,16431253235,664491.06
RAWSON,RAWSON,CHUBUT,66625,64523,48194,4150366918.04,343579.93
GAIMAN,GAIMAN,CHUBUT,6227,6720,5010,11683110236.2,482861.99
LANGUINEO,TECKA,CHUBUT,1693,1971,1805,15042627530.5,680438.98
FUTALEUFU,ESQUEL,CHUBUT,22375,21528,16769,9526500996.99,525660.44
MARTIRES,LAS PLUMAS,CHUBUT,310,464,432,15766080345,595924.86
PASO DE INDIOS,PASO DE INDIOS,CHUBUT,878,1201,1071,22454533991.4,628773.64
FLORENTINO AMEGHINO,CAMARONES,CHUBUT,687,871,680,16004138861.4,651538.02
TEHUELCHES,JOSE DE SAN MARTIN,CHUBUT,2532,2829,2290,14831657742.2,590653.22
ESCALANTE,COMODORO RIVADAVIA,CHUBUT,90541,92090,62616,14486800180.6,611564.67
SARMIENTO,SARMIENTO,CHUBUT,5493,5929,4069,14795851329.1,495724.58
RIO SENGUER,ALTO RIO SENGUER,CHUBUT,2763,3429,2876,23277817862.4,797947.68
SOBREMONTE,SAN FRANCISCO DEL CHANAR,CORDOBA,2338,2582,1787,3113735935.94,252072.26
TULUMBA,VILLA TULUMBA,CORDOBA,6177,6510,5606,10391596118.1,786337.63
RIO SECO,VILLA DE MARIA,CORDOBA,6528,6710,5183,6154256477.45,406727.21
CRUZ DEL EJE,CRUZ DEL EJE,CORDOBA,29626,29352,19212,6576013038.83,452190.16
ISCHILIN,DEAN FUNES,CORDOBA,16159,15200,10880,5060591621.92,341479.66
SAN JUSTO,SAN FRANCISCO,CORDOBA,104257,100620,77947,16186811511.5,659308.95
TOTORAL,VILLA DEL TOTORAL,CORDOBA,9130,9280,7125,3198234948.63,327175.02
RIO PRIMERO,SANTA ROSA DE RIO PRIMERO,CORDOBA,23392,23312,16893,6835321076.33,425459.95
PUNILLA,COSQUIN,CORDOBA,92187,85166,83319,2627270666.75,279018.73
MINAS,SAN CARLOS MINAS,CORDOBA,2274,2421,2145,3612674603.83,269939.32
COLON,JESUS MARIA,CORDOBA,114317,110170,76420,2356036043.43,255865.86
POCHO,SALSACATE,CORDOBA,2575,2739,2372,3142783678.01,260164.69
RIO SEGUNDO,VILLA DEL ROSARIO,CORDOBA,52503,50800,36988,4906052043.29,389110.23
CAPITAL,CORDOBA,CORDOBA,693201,636822,490842,579132982.73,96273.21
SANTA MARIA,ALTA GRACIA,CORDOBA,49117,47997,37324,3277561476.52,413218.76
SAN ALBERTO,VILLA CURA BROCHERO,CORDOBA,18578,18341,15571,3300673781.11,295346.37
CALAMUCHITA,SAN AGUSTIN,CORDOBA,27330,27454,28770,4688280035.12,336043.65
SAN JAVIER,VILLA DOLORES,CORDOBA,27386,26017,20172,1591599785.01,217238.79
TERCERO ARRIBA,OLIVA,CORDOBA,56223,53117,43880,5052580637.56,479095.44
UNION,BELL VILLE,CORDOBA,53216,52206,41306,10711804473,631567.6
GENERAL SAN MARTIN,VILLA MARIA,CORDOBA,64865,62708,52001,4908548889.79,430864.93
MARCOS JUAREZ,MARCOS JUAREZ,CORDOBA,53454,51320,42017,9505051866.73,563593.56
RIO CUARTO,RIO CUARTO,CORDOBA,126214,119929,101881,18508422032,657757.97
JUAREZ CELMAN,LA CARLOTA,CORDOBA,30477,30560,23130,7797133512.22,475059.35
PRESIDENTE ROQUE SAENZ PENA,LABOULAYE,CORDOBA,18286,17935,14579,8517540982,438035.01
GENERAL ROCA,VILLA HUIDOBRO,CORDOBA,17587,18160,14014,12629833332.2,530349.76
ITATI,ITATI,CORRIENTES,4623,4518,2926,812175095.55,142561.3
SAN COSME,SAN COSME,CORRIENTES,6994,7161,6691,602874493.9,120193.59
BERON DE ASTRADA,BERON DE ASTRADA,CORRIENTES,1195,1239,916,818585361.6,143932.27
ITUZAINGO,ITUZAINGO,CORRIENTES,15431,15671,11440,9554896691.9,633283.25
CAPITAL,CORRIENTES,CORRIENTES,185142,171172,104841,535971994.66,97997.9
SAN LUIS DEL PALMAR,SAN LUIS DEL PALMAR,CORRIENTES,9067,8745,5194,2614252098.41,277325.44
GENERAL PAZ,NUESTRA SENORA DEL ROSARIO DE CAA CATI,CORRIENTES,7158,7245,4950,2575126879.92,314338.28
SAN MIGUEL,SAN MIGUEL,CORRIENTES,5352,5363,3100,2917617180.14,303695.81
EMPEDRADO,EMPEDRADO,CORRIENTES,7534,7477,4895,2065192621.42,258940.12
MBURUCUYA,MBURUCUYA,CORRIENTES,4695,4588,3596,995842604.86,163673.63
SANTO TOME,SANTO TOME,CORRIENTES,30841,30802,18800,7299817567.55,484784.78
CONCEPCION,CONCEPCION,CORRIENTES,10090,10755,5850,5141137182.75,341357.26
SALADAS,SALADAS,CORRIENTES,11195,10933,6400,1891245368.4,223231.92
BELLA VISTA,BELLA VISTA,CORRIENTES,18650,18562,10632,1896682031.01,233131.91
SAN MARTIN,LA CRUZ,CORRIENTES,6609,6613,4532,6702441776.56,450991.55
SAN ROQUE,SAN ROQUE,CORRIENTES,9157,9066,5334,2477889617.39,267874.87
GENERAL ALVEAR,ALVEAR,CORRIENTES,4036,3965,3081,1973950742.47,229491.88
MERCEDES,MERCEDES,CORRIENTES,24133,23293,13037,9989687747.56,466719.39
LAVALLE,LAVALLE,CORRIENTES,13967,14634,8214,1518003168.21,209773.04
CURUZU CUATIA,CURUZU CUATIA,CORRIENTES,22535,21536,14171,8223281832.55,561198.21
GOYA,GOYA,CORRIENTES,45243,42629,26352,4842854454.81,336134
PASO DE LOS LIBRES,PASO DE LOS LIBRES,CORRIENTES,24314,23468,14396,4968991385.54,376980.06
ESQUINA,ESQUINA,CORRIENTES,15614,15133,9557,3847646965.46,338982.66
SAUCE,SAUCE,CORRIENTES,4522,4751,3107,2419604451.46,251556.15
MONTE CASEROS,MONTE CASEROS,CORRIENTES,17965,17957,11765,2571737500.8,285977.95
FELICIANO,SAN JOSE FELICIANO,ENTRE RIOS,7554,7596,4675,2931003361.73,260474.72
FEDERACION,FEDERACION,ENTRE RIOS,34085,34621,22110,3668802624.37,305934.76
LA PAZ,LA PAZ,ENTRE RIOS,34191,32797,21143,6532294616.32,445635.85
FEDERAL,FEDERAL,ENTRE RIOS,12962,12966,8774,5290712279.43,353354.28
CONCORDIA,CONCORDIA,ENTRE RIOS,85598,83861,5402,3290097978.53,299990.34
PARANA,PARANA,ENTRE RIOS,176214,164647,121468,5193745499.32,398286.63
VILLAGUAY,VILLAGUAY,ENTRE RIOS,25086,24359,17312,6898094068.2,401535.87
SAN SALVADOR,SAN SALVADOR,ENTRE RIOS,8654,8655,5957,1264929624.52,236362.28
COLON,COLON,ENTRE RIOS,30768,30720,24628,2718354761.81,291773.69
DIAMANTE,DIAMANTE,ENTRE RIOS,23752,22365,17617,2524487149.9,309499.58
COLON,COLON,ENTRE RIOS,30768,30720,24628,2148847.19,6561.59
NOGOYA,NOGOYA,ENTRE RIOS,19820,19258,14631,4209866059.41,339401.04
TALA,ROSARIO DEL TALA,ENTRE RIOS,13338,12860,10136,2783854159.18,236868.86
URUGUAY,CONCEPCION DEL URUGUAY,ENTRE RIOS,51221,49633,37897,5241146166.99,425472.68
VICTORIA,VICTORIA,ENTRE RIOS,18276,17675,14446,6657266593.38,449768.85
GUALEGUAYCHU,GUALEGUAYCHU,ENTRE RIOS,55561,53376,41825,7473359309.11,437467.29
GUALEGUAY,GUALEGUAY,ENTRE RIOS,26472,25284,18899,6686789042.89,621579.24
ISLAS DEL IBICUY,VILLA PARANACITO,ENTRE RIOS,5804,6271,4759,5138270376.65,385074.31
RAMON LISTA,GENERAL MOSCONI,FORMOSA,6685,7069,2890,3879255821.12,331409.75
BERMEJO,LAGUNA YEMA,FORMOSA,6576,7570,4404,14040766501.1,594741.15
MATACOS,INGENIERO GUILLERMO N. JUAREZ,FORMOSA,7110,7059,4203,4091560632.16,294885.86
PATINO,COMANDANTE FONTANA,FORMOSA,33148,34974,22293,26275511824.7,800345.29
PILAGAS,EL ESPINILLO,FORMOSA,8781,9490,5904,3476657066.88,262205.75
PILCOMAYO,CLORINDA,FORMOSA,43110,42030,25038,5406700947.78,386922.85
PIRANE,PIRANE,FORMOSA,31853,32230,21485,8599838409.89,428387.32
FORMOSA,FORMOSA,FORMOSA,120363,112665,68254,6470392202.64,400592.57
LAISHI,HERRADURA,FORMOSA,8345,8837,5607,3555177241.03,320221.37
SANTA CATALINA,SANTA CATALINA,JUJUY,1465,1392,1611,2851030608.86,316145.49
YAVI,LA QUIACA,JUJUY,10909,9726,7654,3112360333.74,245141.68
RINCONADA,RINCONADA,JUJUY,1096,1393,1064,7131167269.83,394198.41
COCHINOCA,ABRA PAMPA,JUJUY,6616,6017,5377,7300982016.96,483178.69
HUMAHUACA,HUMAHUACA,JUJUY,9044,8356,8035,3780669822.86,312282.48
SUSQUES,SUSQUES,JUJUY,1877,1880,1536,9586315128.26,419422.31
VALLE GRANDE,VALLE GRANDE,JUJUY,1246,1277,1694,1115413063.39,141630.73
TILCARA,TILCARA,JUJUY,6873,6669,5601,2026780482.77,210007.25
TUMBAYA,TUMBAYA,JUJUY,2344,2348,2029,3407814948.91,295382.32
LEDESMA,LIBERTADOR GENERAL SAN MARTIN,JUJUY,40849,40885,22743,2811572413.16,263200.36
SANTA BARBARA,SANTA CLARA,JUJUY,8505,9268,5269,4366465696.48,303418.66
DR. MANUEL BELGRANO,SAN SALVADOR DE JUJUY,JUJUY,136003,126817,76154,2053891717.53,228831.19
SAN PEDRO,SAN PEDRO,JUJUY,38114,37194,23113,2025297839.78,223577.34
PALPALA,PALPALA,JUJUY,26778,26078,14465,462894553.94,116934.65
SAN ANTONIO,SAN ANTONIO,JUJUY,2174,2258,1893,735488941.41,158529.09
EL CARMEN,EL CARMEN,JUJUY,48003,48806,25338,940429290.73,154721.83
CHAPALEUFU,INTENDENTE ALVEAR,LA PAMPA,5678,5756,4916,2554740034.82,202222.97
REALICO,REALICO,LA PAMPA,7963,7964,7071,2562549126.82,202481.64
RANCUL,PARERA,LA PAMPA,5261,5343,4572,5093422000.36,293528.37
MARACO,GENERAL PICO,LA PAMPA,30095,28938,23414,2499688698.86,200041.21
TRENEL,TRENEL,LA PAMPA,2605,2727,2528,1983792398.12,179333.63
CONHELO,EDUARDO CASTEX,LA PAMPA,7089,7157,6232,5161269578.15,311758.78
QUEMU QUEMU,QUEMU QUEMU,LA PAMPA,4245,4228,3954,2475536980.98,199012.34
LOVENTUE,VICTORICA,LA PAMPA,4271,4345,3768,9149692761.65,388677.19
CHALILEO,SANTA ISABEL,LA PAMPA,1447,1552,1245,8939542094.26,378958.7
CHICAL CO,ALGARROBO DEL AGUILA,LA PAMPA,704,798,663,9264652133.27,393459.74
CAPITAL,SANTA ROSA,LA PAMPA,53912,50628,44358,2528054431.83,216133.51
TOAY,TOAY,LA PAMPA,6041,6288,5107,5122868267.13,316814.05
CATRILO,CATRILO,LA PAMPA,3558,3556,2747,2442302749.9,197739.03
ATREUCO,MACACHIN,LA PAMPA,5032,5084,4136,3500893716.32,239422.25
LIMAY MAHUIDA,LIMAY MAHUIDA,LA PAMPA,215,291,287,10235026031.8,404801.64
PUELEN,25 DE MAYO,LA PAMPA,4542,4937,3437,13362460492,561742.53
UTRACAN,GENERAL ACHA,LA PAMPA,7370,7184,6544,12864796507.1,486127.55
GUATRACHE,GUATRACHE,LA PAMPA,4349,4423,4051,3447023385.09,237745.2
HUCAL,BERNASCONI,LA PAMPA,3717,3838,3908,5868166396.91,316153.07
LIHUEL CALEL,CUCHILLO CO,LA PAMPA,165,269,380,12333105028.7,469048.86
CURACO,PUELCHES,LA PAMPA,449,590,540,13595285672.2,500770.05
CALEU CALEU,LA ADELA,LA PAMPA,1139,1197,1168,8852518005.74,404368.85
VINCHINA,VILLA SAN JOSE DE VINCHINA,LA RIOJA,1296,1411,1120,11857813180.3,527828.73
SAN BLAS DE LOS SAUCES,SALICAS - SAN BLAS,LA RIOJA,1954,1939,1577,1492463058.02,213359
ARAUCO,AIMOGASTA,LA RIOJA,7652,7715,4983,2481282180.82,222342.77
FAMATINA,FAMATINA,LA RIOJA,2861,2984,2632,4263027813.56,280376.43
GENERAL LAMADRID,VILLA CASTELLI,LA RIOJA,849,863,665,6268242467.9,453169.03
CASTRO BARROS,AMINGA,LA RIOJA,2077,2158,2261,1545126976.41,163626.64
CAPITAL,LA RIOJA,LA RIOJA,91746,88473,56469,13625374772.9,533517.1
SANAGASTA,VILLA SANAGASTA,LA RIOJA,1155,1175,1237,1319567148.4,158369.02
CHILECITO,CHILECITO,LA RIOJA,24889,24691,15965,5306415655.41,311240.47
CORONEL FELIPE VARELA,VILLA UNION,LA RIOJA,4817,4908,3624,8268977516.03,461235.19
INDEPENDENCIA,PATQUIA,LA RIOJA,1186,1241,870,6938257332.81,350684.7
CHAMICAL,CHAMICAL,LA RIOJA,6699,6629,4779,5598137091.07,301113.87
GENERAL ANGEL V. PENALOZA,TAMA,LA RIOJA,1446,1628,1188,3160127180.67,276896.58
GENERAL BELGRANO,OLTA,LA RIOJA,3693,3709,2793,2800375256.22,231115.09
GENERAL JUAN F. QUIROGA,MALANZAN,LA RIOJA,1927,2169,1464,3984585427.9,304006.99
GENERAL OCAMPO,SANTA RITA DE CATUNA,LA RIOJA,3483,3656,2695,3752745828.69,262829.44
ROSARIO VERA PENALOZA,CHEPES,LA RIOJA,7095,7091,4897,5081610392.42,302299.93
GENERAL SAN MARTIN,ULAPES,LA RIOJA,2281,2301,1512,4568729698.9,365706.31
SAN MARTIN,SAN MARTIN,MENDOZA,60379,58182,47680,1513041204.81,207371.11
SANTA ROSA,SANTA ROSA,MENDOZA,7882,8217,5172,8581266942.21,462907.74
LA PAZ,LA PAZ,MENDOZA,4945,4922,3374,7320734570.31,417895.06
JUNIN,JUNIN,MENDOZA,19076,18731,11735,261670282.32,116882.34
TUPUNGATO,TUPUNGATO,MENDOZA,16060,16805,9290,2544398959.19,238850.11
RIVADAVIA,RIVADAVIA,MENDOZA,28441,27828,17665,2146205664.5,226384.16
TUNUYAN,TUNUYAN,MENDOZA,24783,24349,15248,3351539374.79,241401.57
SAN CARLOS,SAN CARLOS,MENDOZA,16308,16375,9846,11755314097.1,572530.11
SAN RAFAEL,SAN RAFAEL,MENDOZA,100864,90459,64850,32225603707.2,1121068.08
GENERAL ALVEAR,GENERAL ALVEAR,MENDOZA,23678,22478,17279,14524244943.5,499693.39
MALARGUE,MALARGUE,MENDOZA,13828,15059,9656,41338498083.2,981927.95
LAS HERAS,LAS HERAS,MENDOZA,103964,99543,56146,9056163303.39,576647.99
LAVALLE,VILLA TULUMAYA,MENDOZA,17607,18288,10589,10448115212.8,505850.79
LUJAN DE CUYO,LUJAN DE CUYO,MENDOZA,62944,61474,38592,4973989781.32,480209.1
GUAYMALLEN,GUAYMALLEN,MENDOZA,144811,136069,83463,178002186.68,61385.67
MAIPU,MAIPU,MENDOZA,87270,85591,48761,669399429.03,136005.4
CAPITAL,MENDOZA,MENDOZA,60684,54138,54372,74039107.73,38197.34
GODOY CRUZ,GODOY CRUZ,MENDOZA,99263,90315,62468,76354648.53,42961.83
GENERAL MANUEL BELGRANO,BERNARDO DE IRIGOYEN,MISIONES,20675,22254,12562,3445313648.66,345964.25
IGUAZU,WANDA,MISIONES,40184,41031,24282,2707156638.97,307773.34
ELDORADO,ELDORADO,MISIONES,39174,38978,24282,1850594482.35,265554.13
SAN PEDRO,SAN PEDRO,MISIONES,14792,16258,8753,3593196922.8,455878.77
MONTECARLO,MONTECARLO,MISIONES,18367,18631,11099,1719275221.31,235312.35
LIBERTADOR GENERAL SAN MARTIN,PUERTO RICO,MISIONES,22917,23416,14346,1448943353.91,215113.89
GUARANI,EL SOBERBIO,MISIONES,32772,34926,19696,3289144650.73,396611.55
SAN IGNACIO,SAN IGNACIO,MISIONES,28619,28852,17424,1682438781.84,237230.33
CAINGUAS,CAMPO GRANDE,MISIONES,26004,27263,15859,1563007758.53,297814.83
25 DE MAYO,ALBA POSSE,MISIONES,13225,14098,8073,1620099035.74,309186.29
OBERA,OBERA,MISIONES,53372,53510,33620,1578381122.93,242459.27
CANDELARIA,SANTA ANA,MISIONES,13341,13372,8702,912220036.88,188733.49
CAPITAL,POSADAS,MISIONES,167707,156032,104542,980402187.27,172745.04
LEANDRO N. ALEM,LEANDRO N. ALEM,MISIONES,22674,22597,14464,1073656815.61,164726.48
SAN JAVIER,SAN JAVIER,MISIONES,10331,10490,6341,667254404,144987.61
APOSTOLES,APOSTOLES,MISIONES,21442,21015,13048,1044042429.65,169324.09
CONCEPCION,CONCEPCION DE LA SIERRA,MISIONES,4736,4774,3080,771474115.49,136934.74
CHOS MALAL,CHOS MALAL,NEUQUEN,7572,7566,5674,4503713126.72,368588.84
MINAS,ANDACOLLO,NEUQUEN,3645,3944,3042,6494089148.12,429016.54
PEHUENCHES,BUTA RANQUIL,NEUQUEN,11370,13326,9641,9368462559.04,535013.59
NORQUIN,EL HUECU,NEUQUEN,2205,2462,2009,5692192205.46,352236.57
ANELO,ANELO,NEUQUEN,5071,5550,4017,11836279433.7,507885.35
LONCOPUE,LONCOPUE,NEUQUEN,3355,3523,2463,5588944552.59,367713.37
PICUNCHES,LAS LAJAS,NEUQUEN,3396,3605,2751,6023729764.07,405352.94
CONFLUENCIA,NEUQUEN,NEUQUEN,184013,177827,132156,7631431003.43,392640.6
ZAPALA,ZAPALA,NEUQUEN,18654,18137,12482,5330445823.11,342719.54
ALUMINE,ALUMINE,NEUQUEN,3903,4253,3826,4694847894.48,319069.33
PICUN LEUFU,PICUN LEUFU,NEUQUEN,2154,2376,1830,4568381381.11,290557.43
CATAN LIL,LAS COLORADAS,NEUQUEN,950,1134,785,5742590857.23,379045.36
COLLON CURA,PIEDRA DEL AGUILA,NEUQUEN,2191,2339,1699,5726248613.1,396003.56
HUILICHES,JUNIN DE LOS ANDES,NEUQUEN,7374,7517,5102,3997519971.26,324369.02
LACAR,SAN MARTIN DE LOS ANDES,NEUQUEN,14405,14697,12178,5174823014.95,360196.94
LOS LAGOS,VILLA LA ANGOSTURA,NEUQUEN,5780,6050,5216,4176453337.57,324649.1
GENERAL ROCA,GENERAL ROCA,RIO NEGRO,162117,158245,111911,14701761864.8,609039.97
AVELLANEDA,CHOELE CHOEL,RIO NEGRO,17294,18214,12662,20175264985.3,740279.71
PICHI MAHUIDA,RIO COLORADO,RIO NEGRO,7986,6736,5831,15819562246.8,523935.29
EL CUY,EL CUY,RIO NEGRO,2407,2388,2725,21820677703.6,790858.93
CONESA,GENERAL CONESA,RIO NEGRO,3504,3558,2814,9851459792.61,454546.75
SAN ANTONIO,SAN ANTONIO OESTE,RIO NEGRO,14485,14984,15717,14241926000.9,765262.57
VALCHETA,VALCHETA,RIO NEGRO,2364,2499,2198,21317269357.2,651136.35
9 DE JULIO,SIERRA COLORADA,RIO NEGRO,1613,1868,1715,24169794343.1,691922.29
PILCANIYEU,PILCANIYEU,RIO NEGRO,3617,3739,3152,11128326468,608390.12
25 DE MAYO,MAQUINCHAO,RIO NEGRO,7467,7875,5670,28160481516.9,725025.65
ADOLFO ALSINA,VIEDMA,RIO NEGRO,29055,28457,23250,8985015476.32,439010.69
BARILOCHE,SAN CARLOS DE BARILOCHE,RIO NEGRO,65982,65085,52374,5578649198.12,368436.54
NORQUINCO,NORQUINCO,RIO NEGRO,782,1053,980,8403189312.74,418535.63
RIVADAVIA,RIVADAVIA,SALTA,14584,15865,8289,26369288147,1022738.06
GENERAL JOSE DE SAN MARTIN,TARTAGAL,SALTA,78195,78483,42429,16073129056,575238.65
SANTA VICTORIA,SANTA VICTORIA,SALTA,5288,5030,3987,3833259123.11,306954.68
ORAN,SAN RAMON DE LA NUEVA ORAN,SALTA,68632,69386,34465,11935848809.6,746922.39
IRUYA,IRUYA,SALTA,3071,2918,2630,3574169264.24,312925.83
LA POMA,LA POMA,SALTA,909,885,712,4211303748.17,498776.35
LOS ANDES,SAN ANTONIO DE LOS COBRES,SALTA,2859,3267,1869,26013848011.9,883738.02
ROSARIO DE LERMA,ROSARIO DE LERMA,SALTA,19295,19165,10322,5333024503.59,367944.34
ANTA,JOAQUIN V. GONZALEZ,SALTA,28830,31584,14294,22239030936.1,809811.26
LA CALDERA,LA CALDERA,SALTA,3780,4061,2681,1112639594.91,187436.51
GENERAL GUEMES,GENERAL GUEMES,SALTA,23698,23650,12638,2329607884.81,290903.54
CAPITAL,SALTA,SALTA,278037,257266,139961,1577647158.9,256647.5
CACHI,CACHI,SALTA,3546,3677,2477,2828623896.66,271670.32
CERRILLOS,CERRILLOS,SALTA,17629,17950,9544,506112612.76,114559.02
METAN,METAN,SALTA,20124,20176,11805,5501632767.32,443042.87
CHICOANA,CHICOANA,SALTA,10328,10399,5774,986102728.9,187310.06
MOLINOS,MOLINOS,SALTA,2847,2778,1591,3063326526.52,334376.05
LA VINA,LA VINA,SALTA,3721,3744,2476,2154795782.85,313911.46
SAN CARLOS,SAN CARLOS,SALTA,3429,3498,643,5976597737.06,401248.45
GUACHIPAS,GUACHIPAS,SALTA,1544,1649,1204,2915462193.5,288880.53
ROSARIO DE LA FRONTERA,ROSARIO DE LA FRONTERA,SALTA,14725,14399,8887,5377051725.57,375029.95
CAFAYATE,CAFAYATE,SALTA,7308,7274,3583,1388192562.22,189896.67
LA CANDELARIA,LA CANDELARIA,SALTA,2771,2953,1808,1238970916.18,181943.76
IGLESIA,RODEO,SAN JUAN,3375,5766,2725,19920802402.9,718801.94
JACHAL,SAN JOSE DE JACHAL,SAN JUAN,10740,11072,6425,14720399272.1,571237.63
VALLE FERTIL,VILLA SAN AGUSTIN,SAN JUAN,3497,3704,2516,5599591050.36,524250.65
CALINGASTA,TAMBERIAS,SAN JUAN,3946,4507,2975,23175344497.6,785775.25
ULLUM,VILLA IBANEZ,SAN JUAN,2432,2550,1507,4552840118.86,328792.55
CAUCETE,CAUCETE,SAN JUAN,19528,18985,9534,7899657880.51,506845.44
ANGACO,VILLA DEL SALVADOR,SAN JUAN,4050,4128,2686,2687697129.63,220330.61
ALBARDON,VILLA GENERAL SAN MARTIN,SAN JUAN,11988,11875,6424,985829726.3,162624.35
ZONDA,VILLA BASILIO NIEVAS,SAN JUAN,2361,2404,1537,2503921072.05,250401.26
SAN MARTIN,SAN ISIDRO,SAN JUAN,5423,5546,2860,566711810.61,113362.92
CHIMBAS,CHIMBAS,SAN JUAN,44224,43515,21006,56910513.8,42375.55
SANTA LUCIA,SANTA LUCIA,SAN JUAN,24686,23451,13482,55949675.94,31421.95
RIVADAVIA,RIVADAVIA,SAN JUAN,42928,40057,23378,119064232.32,59473.41
CAPITAL,SAN JUAN,SAN JUAN,58219,50501,39908,28625796.12,21791.81
9 DE JULIO,9 DE JULIO,SAN JUAN,4659,4655,2436,158737937.67,66790.83
RAWSON,RAWSON,SAN JUAN,58824,56122,30925,303191978.46,97907.23
POCITO,VILLA ABERASTAIN - LA RINCONADA,SAN JUAN,26009,25471,13894,564960919.24,115387
25 DE MAYO,VILLA SANTA ROSA,SAN JUAN,8302,8751,4265,4046066367.2,333679.95
SARMIENTO,VILLA MEDIA AGUA,SAN JUAN,10742,11434,5705,2844864460.11,253931.71
JUNIN,SANTA ROSA DEL CONLARA,SAN LUIS,14586,14222,12233,2208914607.04,261946.29
AYACUCHO,SAN FRANCISCO DEL MONTE DE ORO,SAN LUIS,9350,9577,6948,9513078223.44,509143.91
LIBERTADOR GENERAL SAN MARTIN,SAN MARTIN,SAN LUIS,2161,2507,1930,3551544145.45,236802.55
CHACABUCO,CONCARAN,SAN LUIS,10274,10370,7961,2845917145.67,239368.29
BELGRANO,VILLA GENERAL ROCA,SAN LUIS,1758,2187,2139,7084289344.34,360730.33
CORONEL PRINGLES,LA TOMA,SAN LUIS,6427,6655,5796,4125411326.4,328881.45
GENERAL PEDERNERA,VILLA MERCEDES,SAN LUIS,63488,61982,41807,13965382897.9,583499.09
LA CAPITAL,SAN LUIS,SAN LUIS,104191,100321,65009,13401763125.5,540289.59
GOBERNADOR DUPUY,BUENA ESPERANZA,SAN LUIS,5568,5964,4134,19745749682.3,593752.57
DESEADO,PUERTO DESEADO,SANTA CRUZ,51766,55298,37883,63625710707.2,1180628.7
LAGO BUENOS AIRES,PERITO MORENO,SANTA CRUZ,3901,5582,3544,29051196874.6,842555.9
RIO CHICO,GOBERNADOR GREGORES,SANTA CRUZ,2151,2800,2020,34494419897.9,770207.29
MAGALLANES,PUERTO SAN JULIAN,SANTA CRUZ,4221,4712,3535,20549377141.2,736845.68
LAGO ARGENTINO,EL CALAFATE,SANTA CRUZ,9170,9726,7488,39519381495.4,926487.97
CORPEN AIKE,PUERTO SANTA CRUZ,SANTA CRUZ,5295,5785,4316,26538506199.4,837768.07
GUER AIKE,RIO GALLEGOS,SANTA CRUZ,55082,57035,39257,33893268673.3,1051568.66
VERA,VERA,SANTA FE,25457,25668,17560,20784528863.6,752496.34
GENERAL OBLIGADO,RECONQUISTA,SANTA FE,90260,88451,53751,11111171442,576236.77
9 DE JULIO,TOSTADO,SANTA FE,14707,15103,10698,17369321688.9,629773.92
SAN JAVIER,SAN JAVIER,SANTA FE,15215,15453,10686,6814811993.31,472718.14
SAN CRISTOBAL,SAN CRISTOBAL,SANTA FE,33651,32972,25567,14395146822.6,609546.48
SAN JUSTO,SAN JUSTO,SANTA FE,20697,20038,15660,5583726300.74,465112.96
LAS COLONIAS,ESPERANZA,SANTA FE,54143,52618,40459,6317888226.23,437570.49
GARAY,HELVECIA,SANTA FE,10265,10624,7549,4164549749.22,312968.82
CASTELLANOS,RAFAELA,SANTA FE,91601,89780,63043,6711095774.94,361599.43
LA CAPITAL,SANTA FE,SANTA FE,271157,250602,191609,3054342712.81,358375.94
SAN MARTIN,SASTRE,SANTA FE,32318,31322,24801,4832816429.73,305981.96
SAN JERONIMO,CORONDA,SANTA FE,40272,39883,31100,4417077423.24,309415.56
BELGRANO,LAS ROSAS,SANTA FE,22494,21554,16643,2302413746.94,256451.92
IRIONDO,CANADA DE GOMEZ,SANTA FE,34133,32569,26554,3357645657.13,281708
SAN LORENZO,SAN LORENZO,SANTA FE,81229,77955,54563,2076758175.14,298350.78
ROSARIO,ROSARIO,SANTA FE,622479,576049,456730,1978577267.53,226456.86
CASEROS,CASILDA,SANTA FE,40930,38561,32258,3254579066.55,291765.48
CONSTITUCION,VILLA CONSTITUCION,SANTA FE,43666,41817,31308,3174530520.11,357533.53
GENERAL LOPEZ,MELINCUE,SANTA FE,99698,95345,75851,11448317695.2,443079.61
COPO,MONTE QUEMADO,SANTIAGO DEL ESTERO,14924,16304,8651,13548706955.8,570002.36
PELLEGRINI,NUEVA ESPERANZA,SANTIAGO DEL ESTERO,9668,10667,6744,6972985055.58,377647.82
ALBERDI,CAMPO GALLO,SANTIAGO DEL ESTERO,8627,9676,4644,13049374844,575521.36
JIMENEZ,POZO HONDO,SANTIAGO DEL ESTERO,6991,7377,4405,5264578087.7,450991.99
MORENO,QUIMILI,SANTIAGO DEL ESTERO,15377,16338,15804,16678274920.7,570940.92
FIGUEROA,LA CANADA,SANTIAGO DEL ESTERO,8221,9347,4565,7158693762.12,441890.9
BANDA,LA BANDA,SANTIAGO DEL ESTERO,73933,70203,41196,3559325644.41,326222.92
RIO HONDO,TERMAS DE RIO HONDO,SANTIAGO DEL ESTERO,27021,26629,16981,2169298591.74,242108.84
CAPITAL,SANTIAGO DEL ESTERO,SANTIAGO DEL ESTERO,146129,131183,80101,2146606185.36,245169.96
ROBLES,FERNANDEZ,SANTIAGO DEL ESTERO,21763,22133,11805,1345986033.69,178607.53
GUASAYAN,SAN PEDRO,SANTIAGO DEL ESTERO,3634,3965,2507,2603791120.29,252964.78
JUAN F. IBARRA,SUNCHO CORRAL,SANTIAGO DEL ESTERO,8520,8976,4657,9295142591.81,477186.16
SARMIENTO,GARZA,SANTIAGO DEL ESTERO,4397,4780,2672,1642797615.05,213377.87
SAN MARTIN,BREA POZO,SANTIAGO DEL ESTERO,7014,7084,3798,1823796475.42,205169.42
SILIPICA,ARRAGA,SANTIAGO DEL ESTERO,3667,4021,2011,1108044461.05,166502.38
CHOYA,FRIAS,SANTIAGO DEL ESTERO,18172,17660,11788,6128255086.83,466014.24
AVELLANEDA,HERRERA,SANTIAGO DEL ESTERO,10356,10768,6238,3740556679.35,354358.4
LORETO,VILLA SAN MARTIN,SANTIAGO DEL ESTERO,10234,9642,5542,3326858666.58,326320.95
GENERAL TABOADA,ANATUYA,SANTIAGO DEL ESTERO,18912,19154,10730,6066188481.43,357872.47
ATAMISQUI,VILLA ATAMISQUI,SANTIAGO DEL ESTERO,5504,5507,3189,2275065425.29,220956.89
SALAVINA,LOS TELARES,SANTIAGO DEL ESTERO,5252,5760,3328,3101391864.57,281660.5
OJO DE AGUA,VILLA OJO DE AGUA,SANTIAGO DEL ESTERO,7616,7738,4682,6231653681,451501.14
BELGRANO,BANDERA,SANTIAGO DEL ESTERO,5176,5152,2856,3485902716.18,285638
AGUIRRE,VILLA GENERAL MITRE,SANTIAGO DEL ESTERO,3759,4038,2610,4339890079.41,408308.77
QUEBRACHOS,SUMAMPA,SANTIAGO DEL ESTERO,5237,5303,3416,3724925000.27,331798.39
MITRE,VILLA UNION,SANTIAGO DEL ESTERO,896,985,659,3268933267.86,301641.59
RIVADAVIA,SELVA,SANTIAGO DEL ESTERO,2453,2618,1868,3238648357.82,290799.52
RIO GRANDE,RIO GRANDE,TIERRA DEL FUEGO,33612,35563,24504,12034100436.8,733484.24
USHUAIA,USHUAIA,TIERRA DEL FUEGO,27685,29140,20766,8288959738.82,638318.86
USHUAIA,USHUAIA,TIERRA DEL FUEGO,27685,29140,20766,3914472.51,7912.99
USHUAIA,USHUAIA,TIERRA DEL FUEGO,27685,29140,20766,1239539.96,4144.63
USHUAIA,USHUAIA,TIERRA DEL FUEGO,27685,29140,20766,513753.23,2998.54
USHUAIA,USHUAIA,TIERRA DEL FUEGO,27685,29140,20766,484037625.95,297755.03
USHUAIA,USHUAIA,TIERRA DEL FUEGO,27685,29140,20766,710805.67,3793.62
USHUAIA,USHUAIA,TIERRA DEL FUEGO,27685,29140,20766,21888032.51,36010.64
USHUAIA,USHUAIA,TIERRA DEL FUEGO,27685,29140,20766,616571.91,3735.68
USHUAIA,USHUAIA,TIERRA DEL FUEGO,27685,29140,20766,228996.91,1922.12
USHUAIA,USHUAIA,TIERRA DEL FUEGO,27685,29140,20766,459662.15,2641.11
USHUAIA,USHUAIA,TIERRA DEL FUEGO,27685,29140,20766,394875.85,2614.32
TRANCAS,VILLA DE TRANCAS,TUCUMAN,8533,9008,7246,2988094713.06,254376.02
BURRUYACU,VILLA BURRUYACU,TUCUMAN,17688,18824,10746,3812013809.77,284801.84
TAFI DEL VALLE,TAFI DEL VALLE,TUCUMAN,7310,7725,8644,2582098581.79,286672.53
TAFI VIEJO,TAFI VIEJO,TUCUMAN,62605,60147,33668,1165031647.62,223552.63
YERBA BUENA,YERBA BUENA - MARCOS PAZ,TUCUMAN,37913,36311,20143,149728745.97,67532.16
LULES,LULES,TUCUMAN,34146,34005,17605,524247356.62,151979.37
CRUZ ALTA,BANDA DEL RIO SALI,TUCUMAN,91686,90165,44298,1173528342.71,160408.95
CAPITAL,SAN MIGUEL DE TUCUMAN,TUCUMAN,286903,262260,164453,84933007.09,40569.63
FAMAILLA,FAMAILLA,TUCUMAN,16838,16649,8305,417132288.43,112410.19
MONTEROS,MONTEROS,TUCUMAN,32201,31725,17825,1201978224.1,209180.09
LEALES,BELLA VISTA,TUCUMAN,27031,27613,15544,1923173125.34,224392.49
CHICLIGASTA,CONCEPCION,TUCUMAN,40883,39701,20911,1301283097.74,196629.86
SIMOCA,SIMOCA,TUCUMAN,14884,17181,8976,1288805380.92,199589.54
RIO CHICO,AGUILARES,TUCUMAN,27765,27822,14962,611421798.87,122305.48
JUAN BAUTISTA ALBERDI,JUAN BAUTISTA ALBERDI,TUCUMAN,15188,14907,8465,773230438.67,176619.22
GRANEROS,GRANEROS,TUCUMAN,6612,7016,4184,1738698103.44,200287.21
LA COCHA,LA COCHA,TUCUMAN,9379,9576,5264,964979179.23,142379.72
